Chapter,Group,Sub-group,Sub-group disaggregation,Topic,Topic disaggregation,Current/Trend,Year,Numerator,Denominator
Antenatal period,Medical conditions,Medical conditions - diabetes,Diabetes - none,Maternal age,Under 20,Current,2023,"4,109","4,455"
Antenatal period,Medical conditions,Medical conditions - diabetes,Diabetes - none,Maternal age,20-24,Current,2023,"22,612","25,720"
Antenatal period,Medical conditions,Medical conditions - diabetes,Diabetes - none,Maternal age,25-29,Current,2023,"57,114","67,616"
Antenatal period,Medical conditions,Medical conditions - diabetes,Diabetes - none,Maternal age,30-34,Current,2023,"83,072","101,344"
Antenatal period,Medical conditions,Medical conditions - diabetes,Diabetes - none,Maternal age,35-39,Current,2023,"48,007","61,816"
Antenatal period,Medical conditions,Medical conditions - diabetes,Diabetes - none,Maternal age,40 and over,Current,2023,"10,055","14,207"
Antenatal period,Medical conditions,Medical conditions - diabetes,Diabetes - none,Maternal age,Not stated,Current,2023,15,16
Antenatal period,Medical conditions,Medical conditions - diabetes,Diabetes - none,Maternal age,Total,Current,2023,"224,984","275,174"
Antenatal period,Medical conditions,Medical conditions - diabetes,Pre-existing diabetes,Maternal age,Under 20,Current,2023,25,"4,455"
Antenatal period,Medical conditions,Medical conditions - diabetes,Pre-existing diabetes,Maternal age,20-24,Current,2023,194,"25,720"
Antenatal period,Medical conditions,Medical conditions - diabetes,Pre-existing diabetes,Maternal age,25-29,Current,2023,575,"67,616"
Antenatal period,Medical conditions,Medical conditions - diabetes,Pre-existing diabetes,Maternal age,30-34,Current,2023,"1,006","101,344"
Antenatal period,Medical conditions,Medical conditions - diabetes,Pre-existing diabetes,Maternal age,35-39,Current,2023,865,"61,816"
Antenatal period,Medical conditions,Medical conditions - diabetes,Pre-existing diabetes,Maternal age,40 and over,Current,2023,352,"14,207"
Antenatal period,Medical conditions,Medical conditions - diabetes,Pre-existing diabetes,Maternal age,Not stated,Current,2023,0,16
Antenatal period,Medical conditions,Medical conditions - diabetes,Pre-existing diabetes,Maternal age,Total,Current,2023,"3,017","275,174"
Antenatal period,Medical conditions,Medical conditions - diabetes,Gestational diabetes,Maternal age,Under 20,Current,2023,297,"4,455"
Antenatal period,Medical conditions,Medical conditions - diabetes,Gestational diabetes,Maternal age,20-24,Current,2023,"2,791","25,720"
Antenatal period,Medical conditions,Medical conditions - diabetes,Gestational diabetes,Maternal age,25-29,Current,2023,"9,707","67,616"
Antenatal period,Medical conditions,Medical conditions - diabetes,Gestational diabetes,Maternal age,30-34,Current,2023,"16,930","101,344"
Antenatal period,Medical conditions,Medical conditions - diabetes,Gestational diabetes,Maternal age,35-39,Current,2023,"12,723","61,816"
Antenatal period,Medical conditions,Medical conditions - diabetes,Gestational diabetes,Maternal age,40 and over,Current,2023,"3,752","14,207"
Antenatal period,Medical conditions,Medical conditions - diabetes,Gestational diabetes,Maternal age,Not stated,Current,2023,1,16
Antenatal period,Medical conditions,Medical conditions - diabetes,Gestational diabetes,Maternal age,Total,Current,2023,"46,201","275,174"
Antenatal period,Medical conditions,Medical conditions - diabetes,Diabetes - not stated,Maternal age,Under 20,Current,2023,24,"4,455"
Antenatal period,Medical conditions,Medical conditions - diabetes,Diabetes - not stated,Maternal age,20-24,Current,2023,123,"25,720"
Antenatal period,Medical conditions,Medical conditions - diabetes,Diabetes - not stated,Maternal age,25-29,Current,2023,220,"67,616"
Antenatal period,Medical conditions,Medical conditions - diabetes,Diabetes - not stated,Maternal age,30-34,Current,2023,336,"101,344"
Antenatal period,Medical conditions,Medical conditions - diabetes,Diabetes - not stated,Maternal age,35-39,Current,2023,221,"61,816"
Antenatal period,Medical conditions,Medical conditions - diabetes,Diabetes - not stated,Maternal age,40 and over,Current,2023,48,"14,207"
Antenatal period,Medical conditions,Medical conditions - diabetes,Diabetes - not stated,Maternal age,Not stated,Current,2023,0,16
Antenatal period,Medical conditions,Medical conditions - diabetes,Diabetes - not stated,Maternal age,Total,Current,2023,972,"275,174"
Antenatal period,Medical conditions,Medical conditions - diabetes,Total,Maternal age,Under 20,Current,2023,"4,455","4,455"
Antenatal period,Medical conditions,Medical conditions - diabetes,Total,Maternal age,20-24,Current,2023,"25,720","25,720"
Antenatal period,Medical conditions,Medical conditions - diabetes,Total,Maternal age,25-29,Current,2023,"67,616","67,616"
Antenatal period,Medical conditions,Medical conditions - diabetes,Total,Maternal age,30-34,Current,2023,"101,344","101,344"
Antenatal period,Medical conditions,Medical conditions - diabetes,Total,Maternal age,35-39,Current,2023,"61,816","61,816"
Antenatal period,Medical conditions,Medical conditions - diabetes,Total,Maternal age,40 and over,Current,2023,"14,207","14,207"
Antenatal period,Medical conditions,Medical conditions - diabetes,Total,Maternal age,Not stated,Current,2023,16,16
Antenatal period,Medical conditions,Medical conditions - diabetes,Total,Maternal age,Total,Current,2023,"275,174","275,174"
Antenatal period,Medical conditions,Medical conditions - hypertension,Hypertension - not stated,Maternal age,Under 20,Current,2023,3,"4,455"
Antenatal period,Medical conditions,Medical conditions - hypertension,Pre-eclampsia/eclampsia,Maternal age,Under 20,Current,2023,161,"4,455"
Antenatal period,Medical conditions,Medical conditions - hypertension,Pre-eclampsia/eclampsia,Maternal age,20-24,Current,2023,821,"25,720"
Antenatal period,Medical conditions,Medical conditions - hypertension,Hypertension - not stated,Maternal age,20-24,Current,2023,23,"25,720"
Antenatal period,Medical conditions,Medical conditions - hypertension,Hypertension - not stated,Maternal age,25-29,Current,2023,40,"67,616"
Antenatal period,Medical conditions,Medical conditions - hypertension,Pre-eclampsia/eclampsia,Maternal age,25-29,Current,2023,"1,902","67,616"
Antenatal period,Medical conditions,Medical conditions - hypertension,Pre-eclampsia/eclampsia,Maternal age,30-34,Current,2023,"2,433","101,344"
Antenatal period,Medical conditions,Medical conditions - hypertension,Hypertension - not stated,Maternal age,30-34,Current,2023,66,"101,344"
Antenatal period,Medical conditions,Medical conditions - hypertension,Hypertension - not stated,Maternal age,35-39,Current,2023,44,"61,816"
Antenatal period,Medical conditions,Medical conditions - hypertension,Pre-eclampsia/eclampsia,Maternal age,35-39,Current,2023,"1,639","61,816"
Antenatal period,Medical conditions,Medical conditions - hypertension,Pre-eclampsia/eclampsia,Maternal age,40 and over,Current,2023,547,"14,207"
Antenatal period,Medical conditions,Medical conditions - hypertension,Hypertension - not stated,Maternal age,40 and over,Current,2023,16,"14,207"
Antenatal period,Medical conditions,Medical conditions - hypertension,Hypertension - not stated,Maternal age,Not stated,Current,2023,0,16
Antenatal period,Medical conditions,Medical conditions - hypertension,Pre-eclampsia/eclampsia,Maternal age,Not stated,Current,2023,0,16
Antenatal period,Medical conditions,Medical conditions - hypertension,Pre-eclampsia/eclampsia,Maternal age,Total,Current,2023,"7,503","275,174"
Antenatal period,Medical conditions,Medical conditions - hypertension,Hypertension - not stated,Maternal age,Total,Current,2023,192,"275,174"
Antenatal period,Medical conditions,Medical conditions - hypertension,Hypertension - none,Maternal age,Under 20,Current,2023,"4,189","4,455"
Antenatal period,Medical conditions,Medical conditions - hypertension,Hypertension - none,Maternal age,20-24,Current,2023,"24,168","25,720"
Antenatal period,Medical conditions,Medical conditions - hypertension,Hypertension - none,Maternal age,25-29,Current,2023,"63,654","67,616"
Antenatal period,Medical conditions,Medical conditions - hypertension,Hypertension - none,Maternal age,30-34,Current,2023,"95,927","101,344"
Antenatal period,Medical conditions,Medical conditions - hypertension,Hypertension - none,Maternal age,35-39,Current,2023,"57,928","61,816"
Antenatal period,Medical conditions,Medical conditions - hypertension,Hypertension - none,Maternal age,40 and over,Current,2023,"12,834","14,207"
Antenatal period,Medical conditions,Medical conditions - hypertension,Hypertension - none,Maternal age,Not stated,Current,2023,16,16
Antenatal period,Medical conditions,Medical conditions - hypertension,Hypertension - none,Maternal age,Total,Current,2023,"258,716","275,174"
Antenatal period,Medical conditions,Medical conditions - hypertension,Pre-existing hypertension,Maternal age,Under 20,Current,2023,10,"4,455"
Antenatal period,Medical conditions,Medical conditions - hypertension,Pre-existing hypertension,Maternal age,20-24,Current,2023,113,"25,720"
Antenatal period,Medical conditions,Medical conditions - hypertension,Pre-existing hypertension,Maternal age,25-29,Current,2023,408,"67,616"
Antenatal period,Medical conditions,Medical conditions - hypertension,Pre-existing hypertension,Maternal age,30-34,Current,2023,796,"101,344"
Antenatal period,Medical conditions,Medical conditions - hypertension,Pre-existing hypertension,Maternal age,35-39,Current,2023,829,"61,816"
Antenatal period,Medical conditions,Medical conditions - hypertension,Pre-existing hypertension,Maternal age,40 and over,Current,2023,357,"14,207"
Antenatal period,Medical conditions,Medical conditions - hypertension,Pre-existing hypertension,Maternal age,Not stated,Current,2023,0,16
Antenatal period,Medical conditions,Medical conditions - hypertension,Pre-existing hypertension,Maternal age,Total,Current,2023,"2,513","275,174"
Antenatal period,Medical conditions,Medical conditions - hypertension,Gestational hypertension,Maternal age,Under 20,Current,2023,137,"4,455"
Antenatal period,Medical conditions,Medical conditions - hypertension,Gestational hypertension,Maternal age,20-24,Current,2023,831,"25,720"
Antenatal period,Medical conditions,Medical conditions - hypertension,Gestational hypertension,Maternal age,25-29,Current,2023,"2,269","67,616"
Antenatal period,Medical conditions,Medical conditions - hypertension,Gestational hypertension,Maternal age,30-34,Current,2023,"2,941","101,344"
Antenatal period,Medical conditions,Medical conditions - hypertension,Gestational hypertension,Maternal age,35-39,Current,2023,"1,930","61,816"
Antenatal period,Medical conditions,Medical conditions - hypertension,Gestational hypertension,Maternal age,40 and over,Current,2023,650,"14,207"
Antenatal period,Medical conditions,Medical conditions - hypertension,Gestational hypertension,Maternal age,Not stated,Current,2023,0,16
Antenatal period,Medical conditions,Medical conditions - hypertension,Gestational hypertension,Maternal age,Total,Current,2023,"8,758","275,174"
Antenatal period,Medical conditions,Medical conditions - hypertension,Total,Maternal age,Under 20,Current,2023,"4,500",. .
Antenatal period,Medical conditions,Medical conditions - hypertension,Total,Maternal age,20-24,Current,2023,"25,956",. .
Antenatal period,Medical conditions,Medical conditions - hypertension,Total,Maternal age,25-29,Current,2023,"68,273",. .
Antenatal period,Medical conditions,Medical conditions - hypertension,Total,Maternal age,30-34,Current,2023,"102,163",. .
Antenatal period,Medical conditions,Medical conditions - hypertension,Total,Maternal age,35-39,Current,2023,"62,370",. .
Antenatal period,Medical conditions,Medical conditions - hypertension,Total,Maternal age,40 and over,Current,2023,"14,404",. .
Antenatal period,Medical conditions,Medical conditions - hypertension,Total,Maternal age,Not stated,Current,2023,16,. .
Antenatal period,Medical conditions,Medical conditions - hypertension,Total,Maternal age,Total,Current,2023,"277,682",. .
Antenatal period,Medical conditions,Medical conditions - diabetes,Diabetes - none,Maternal age,Under 20,Trend,2018,"4,687","5,061"
Antenatal period,Medical conditions,Medical conditions - diabetes,Diabetes - none,Maternal age,20-24,Trend,2018,"24,270","26,943"
Antenatal period,Medical conditions,Medical conditions - diabetes,Diabetes - none,Maternal age,25-29,Trend,2018,"52,259","59,757"
Antenatal period,Medical conditions,Medical conditions - diabetes,Diabetes - none,Maternal age,30-34,Trend,2018,"66,148","77,543"
Antenatal period,Medical conditions,Medical conditions - diabetes,Diabetes - none,Maternal age,35-39,Trend,2018,"34,555","42,324"
Antenatal period,Medical conditions,Medical conditions - diabetes,Diabetes - none,Maternal age,40 and over,Trend,2018,"7,076","9,253"
Antenatal period,Medical conditions,Medical conditions - diabetes,Diabetes - none,Maternal age,Not stated,Trend,2018,16,16
Antenatal period,Medical conditions,Medical conditions - diabetes,Diabetes - none,Maternal age,Total,Trend,2018,"189,011","220,897"
Antenatal period,Medical conditions,Medical conditions - diabetes,Pre-existing diabetes,Maternal age,Under 20,Trend,2018,17,"5,061"
Antenatal period,Medical conditions,Medical conditions - diabetes,Pre-existing diabetes,Maternal age,20-24,Trend,2018,168,"26,943"
Antenatal period,Medical conditions,Medical conditions - diabetes,Pre-existing diabetes,Maternal age,25-29,Trend,2018,381,"59,757"
Antenatal period,Medical conditions,Medical conditions - diabetes,Pre-existing diabetes,Maternal age,30-34,Trend,2018,611,"77,543"
Antenatal period,Medical conditions,Medical conditions - diabetes,Pre-existing diabetes,Maternal age,35-39,Trend,2018,419,"42,324"
Antenatal period,Medical conditions,Medical conditions - diabetes,Pre-existing diabetes,Maternal age,40 and over,Trend,2018,144,"9,253"
Antenatal period,Medical conditions,Medical conditions - diabetes,Pre-existing diabetes,Maternal age,Not stated,Trend,2018,0,16
Antenatal period,Medical conditions,Medical conditions - diabetes,Pre-existing diabetes,Maternal age,Total,Trend,2018,"1,740","220,897"
Antenatal period,Medical conditions,Medical conditions - diabetes,Gestational diabetes,Maternal age,Under 20,Trend,2018,348,"5,061"
Antenatal period,Medical conditions,Medical conditions - diabetes,Gestational diabetes,Maternal age,20-24,Trend,2018,"2,455","26,943"
Antenatal period,Medical conditions,Medical conditions - diabetes,Gestational diabetes,Maternal age,25-29,Trend,2018,"6,977","59,757"
Antenatal period,Medical conditions,Medical conditions - diabetes,Gestational diabetes,Maternal age,30-34,Trend,2018,"10,619","77,543"
Antenatal period,Medical conditions,Medical conditions - diabetes,Gestational diabetes,Maternal age,35-39,Trend,2018,"7,240","42,324"
Antenatal period,Medical conditions,Medical conditions - diabetes,Gestational diabetes,Maternal age,40 and over,Trend,2018,"2,010","9,253"
Antenatal period,Medical conditions,Medical conditions - diabetes,Gestational diabetes,Maternal age,Not stated,Trend,2018,0,16
Antenatal period,Medical conditions,Medical conditions - diabetes,Gestational diabetes,Maternal age,Total,Trend,2018,"29,649","220,897"
Antenatal period,Medical conditions,Medical conditions - diabetes,Diabetes - not stated,Maternal age,Under 20,Trend,2018,9,"5,061"
Antenatal period,Medical conditions,Medical conditions - diabetes,Diabetes - not stated,Maternal age,20-24,Trend,2018,50,"26,943"
Antenatal period,Medical conditions,Medical conditions - diabetes,Diabetes - not stated,Maternal age,25-29,Trend,2018,140,"59,757"
Antenatal period,Medical conditions,Medical conditions - diabetes,Diabetes - not stated,Maternal age,30-34,Trend,2018,165,"77,543"
Antenatal period,Medical conditions,Medical conditions - diabetes,Diabetes - not stated,Maternal age,35-39,Trend,2018,110,"42,324"
Antenatal period,Medical conditions,Medical conditions - diabetes,Diabetes - not stated,Maternal age,40 and over,Trend,2018,23,"9,253"
Antenatal period,Medical conditions,Medical conditions - diabetes,Diabetes - not stated,Maternal age,Not stated,Trend,2018,0,16
Antenatal period,Medical conditions,Medical conditions - diabetes,Diabetes - not stated,Maternal age,Total,Trend,2018,497,"220,897"
Antenatal period,Medical conditions,Medical conditions - diabetes,Total,Maternal age,Under 20,Trend,2018,"5,061","5,061"
Antenatal period,Medical conditions,Medical conditions - diabetes,Total,Maternal age,20-24,Trend,2018,"26,943","26,943"
Antenatal period,Medical conditions,Medical conditions - diabetes,Total,Maternal age,25-29,Trend,2018,"59,757","59,757"
Antenatal period,Medical conditions,Medical conditions - diabetes,Total,Maternal age,30-34,Trend,2018,"77,543","77,543"
Antenatal period,Medical conditions,Medical conditions - diabetes,Total,Maternal age,35-39,Trend,2018,"42,324","42,324"
Antenatal period,Medical conditions,Medical conditions - diabetes,Total,Maternal age,40 and over,Trend,2018,"9,253","9,253"
Antenatal period,Medical conditions,Medical conditions - diabetes,Total,Maternal age,Not stated,Trend,2018,16,16
Antenatal period,Medical conditions,Medical conditions - diabetes,Total,Maternal age,Total,Trend,2018,"220,897","220,897"
Antenatal period,Medical conditions,Medical conditions - diabetes,Diabetes - none,Maternal age,Under 20,Trend,2019,"4,490","4,779"
Antenatal period,Medical conditions,Medical conditions - diabetes,Diabetes - none,Maternal age,20-24,Trend,2019,"23,263","25,870"
Antenatal period,Medical conditions,Medical conditions - diabetes,Diabetes - none,Maternal age,25-29,Trend,2019,"51,463","58,851"
Antenatal period,Medical conditions,Medical conditions - diabetes,Diabetes - none,Maternal age,30-34,Trend,2019,"66,188","77,774"
Antenatal period,Medical conditions,Medical conditions - diabetes,Diabetes - none,Maternal age,35-39,Trend,2019,"35,565","43,600"
Antenatal period,Medical conditions,Medical conditions - diabetes,Diabetes - none,Maternal age,40 and over,Trend,2019,"7,201","9,514"
Antenatal period,Medical conditions,Medical conditions - diabetes,Diabetes - none,Maternal age,Not stated,Trend,2019,6,7
Antenatal period,Medical conditions,Medical conditions - diabetes,Diabetes - none,Maternal age,Total,Trend,2019,"188,176","220,395"
Antenatal period,Medical conditions,Medical conditions - diabetes,Pre-existing diabetes,Maternal age,Under 20,Trend,2019,16,"4,779"
Antenatal period,Medical conditions,Medical conditions - diabetes,Pre-existing diabetes,Maternal age,20-24,Trend,2019,175,"25,870"
Antenatal period,Medical conditions,Medical conditions - diabetes,Pre-existing diabetes,Maternal age,25-29,Trend,2019,426,"58,851"
Antenatal period,Medical conditions,Medical conditions - diabetes,Pre-existing diabetes,Maternal age,30-34,Trend,2019,632,"77,774"
Antenatal period,Medical conditions,Medical conditions - diabetes,Pre-existing diabetes,Maternal age,35-39,Trend,2019,500,"43,600"
Antenatal period,Medical conditions,Medical conditions - diabetes,Pre-existing diabetes,Maternal age,40 and over,Trend,2019,165,"9,514"
Antenatal period,Medical conditions,Medical conditions - diabetes,Pre-existing diabetes,Maternal age,Not stated,Trend,2019,0,7
Antenatal period,Medical conditions,Medical conditions - diabetes,Pre-existing diabetes,Maternal age,Total,Trend,2019,"1,914","220,395"
Antenatal period,Medical conditions,Medical conditions - diabetes,Gestational diabetes,Maternal age,Under 20,Trend,2019,268,"4,779"
Antenatal period,Medical conditions,Medical conditions - diabetes,Gestational diabetes,Maternal age,20-24,Trend,2019,"2,384","25,870"
Antenatal period,Medical conditions,Medical conditions - diabetes,Gestational diabetes,Maternal age,25-29,Trend,2019,"6,815","58,851"
Antenatal period,Medical conditions,Medical conditions - diabetes,Gestational diabetes,Maternal age,30-34,Trend,2019,"10,775","77,774"
Antenatal period,Medical conditions,Medical conditions - diabetes,Gestational diabetes,Maternal age,35-39,Trend,2019,"7,430","43,600"
Antenatal period,Medical conditions,Medical conditions - diabetes,Gestational diabetes,Maternal age,40 and over,Trend,2019,"2,120","9,514"
Antenatal period,Medical conditions,Medical conditions - diabetes,Gestational diabetes,Maternal age,Not stated,Trend,2019,1,7
Antenatal period,Medical conditions,Medical conditions - diabetes,Gestational diabetes,Maternal age,Total,Trend,2019,"29,793","220,395"
Antenatal period,Medical conditions,Medical conditions - diabetes,Diabetes - not stated,Maternal age,Under 20,Trend,2019,5,"4,779"
Antenatal period,Medical conditions,Medical conditions - diabetes,Diabetes - not stated,Maternal age,20-24,Trend,2019,48,"25,870"
Antenatal period,Medical conditions,Medical conditions - diabetes,Diabetes - not stated,Maternal age,25-29,Trend,2019,147,"58,851"
Antenatal period,Medical conditions,Medical conditions - diabetes,Diabetes - not stated,Maternal age,30-34,Trend,2019,179,"77,774"
Antenatal period,Medical conditions,Medical conditions - diabetes,Diabetes - not stated,Maternal age,35-39,Trend,2019,105,"43,600"
Antenatal period,Medical conditions,Medical conditions - diabetes,Diabetes - not stated,Maternal age,40 and over,Trend,2019,28,"9,514"
Antenatal period,Medical conditions,Medical conditions - diabetes,Diabetes - not stated,Maternal age,Not stated,Trend,2019,0,7
Antenatal period,Medical conditions,Medical conditions - diabetes,Diabetes - not stated,Maternal age,Total,Trend,2019,512,"220,395"
Antenatal period,Medical conditions,Medical conditions - diabetes,Total,Maternal age,Under 20,Trend,2019,"4,779","4,779"
Antenatal period,Medical conditions,Medical conditions - diabetes,Total,Maternal age,20-24,Trend,2019,"25,870","25,870"
Antenatal period,Medical conditions,Medical conditions - diabetes,Total,Maternal age,25-29,Trend,2019,"58,851","58,851"
Antenatal period,Medical conditions,Medical conditions - diabetes,Total,Maternal age,30-34,Trend,2019,"77,774","77,774"
Antenatal period,Medical conditions,Medical conditions - diabetes,Total,Maternal age,35-39,Trend,2019,"43,600","43,600"
Antenatal period,Medical conditions,Medical conditions - diabetes,Total,Maternal age,40 and over,Trend,2019,"9,514","9,514"
Antenatal period,Medical conditions,Medical conditions - diabetes,Total,Maternal age,Not stated,Trend,2019,7,7
Antenatal period,Medical conditions,Medical conditions - diabetes,Total,Maternal age,Total,Trend,2019,"220,395","220,395"
Antenatal period,Medical conditions,Medical conditions - diabetes,Diabetes - none,Maternal age,Under 20,Trend,2020,"4,820","5,216"
Antenatal period,Medical conditions,Medical conditions - diabetes,Diabetes - none,Maternal age,20-24,Trend,2020,"26,764","30,077"
Antenatal period,Medical conditions,Medical conditions - diabetes,Diabetes - none,Maternal age,25-29,Trend,2020,"64,416","74,921"
Antenatal period,Medical conditions,Medical conditions - diabetes,Diabetes - none,Maternal age,30-34,Trend,2020,"89,287","107,037"
Antenatal period,Medical conditions,Medical conditions - diabetes,Diabetes - none,Maternal age,35-39,Trend,2020,"48,928","61,255"
Antenatal period,Medical conditions,Medical conditions - diabetes,Diabetes - none,Maternal age,40 and over,Trend,2020,"9,646","13,163"
Antenatal period,Medical conditions,Medical conditions - diabetes,Diabetes - none,Maternal age,Not stated,Trend,2020,42,45
Antenatal period,Medical conditions,Medical conditions - diabetes,Diabetes - none,Maternal age,Total,Trend,2020,"243,903","291,714"
Antenatal period,Medical conditions,Medical conditions - diabetes,Pre-existing diabetes,Maternal age,Under 20,Trend,2020,31,"5,216"
Antenatal period,Medical conditions,Medical conditions - diabetes,Pre-existing diabetes,Maternal age,20-24,Trend,2020,206,"30,077"
Antenatal period,Medical conditions,Medical conditions - diabetes,Pre-existing diabetes,Maternal age,25-29,Trend,2020,515,"74,921"
Antenatal period,Medical conditions,Medical conditions - diabetes,Pre-existing diabetes,Maternal age,30-34,Trend,2020,880,"107,037"
Antenatal period,Medical conditions,Medical conditions - diabetes,Pre-existing diabetes,Maternal age,35-39,Trend,2020,736,"61,255"
Antenatal period,Medical conditions,Medical conditions - diabetes,Pre-existing diabetes,Maternal age,40 and over,Trend,2020,218,"13,163"
Antenatal period,Medical conditions,Medical conditions - diabetes,Pre-existing diabetes,Maternal age,Not stated,Trend,2020,0,45
Antenatal period,Medical conditions,Medical conditions - diabetes,Pre-existing diabetes,Maternal age,Total,Trend,2020,"2,586","291,714"
Antenatal period,Medical conditions,Medical conditions - diabetes,Gestational diabetes,Maternal age,Under 20,Trend,2020,347,"5,216"
Antenatal period,Medical conditions,Medical conditions - diabetes,Gestational diabetes,Maternal age,20-24,Trend,2020,"3,006","30,077"
Antenatal period,Medical conditions,Medical conditions - diabetes,Gestational diabetes,Maternal age,25-29,Trend,2020,"9,764","74,921"
Antenatal period,Medical conditions,Medical conditions - diabetes,Gestational diabetes,Maternal age,30-34,Trend,2020,"16,594","107,037"
Antenatal period,Medical conditions,Medical conditions - diabetes,Gestational diabetes,Maternal age,35-39,Trend,2020,"11,440","61,255"
Antenatal period,Medical conditions,Medical conditions - diabetes,Gestational diabetes,Maternal age,40 and over,Trend,2020,"3,258","13,163"
Antenatal period,Medical conditions,Medical conditions - diabetes,Gestational diabetes,Maternal age,Not stated,Trend,2020,2,45
Antenatal period,Medical conditions,Medical conditions - diabetes,Gestational diabetes,Maternal age,Total,Trend,2020,"44,411","291,714"
Antenatal period,Medical conditions,Medical conditions - diabetes,Diabetes - not stated,Maternal age,Under 20,Trend,2020,18,"5,216"
Antenatal period,Medical conditions,Medical conditions - diabetes,Diabetes - not stated,Maternal age,20-24,Trend,2020,101,"30,077"
Antenatal period,Medical conditions,Medical conditions - diabetes,Diabetes - not stated,Maternal age,25-29,Trend,2020,226,"74,921"
Antenatal period,Medical conditions,Medical conditions - diabetes,Diabetes - not stated,Maternal age,30-34,Trend,2020,276,"107,037"
Antenatal period,Medical conditions,Medical conditions - diabetes,Diabetes - not stated,Maternal age,35-39,Trend,2020,151,"61,255"
Antenatal period,Medical conditions,Medical conditions - diabetes,Diabetes - not stated,Maternal age,40 and over,Trend,2020,41,"13,163"
Antenatal period,Medical conditions,Medical conditions - diabetes,Diabetes - not stated,Maternal age,Not stated,Trend,2020,1,45
Antenatal period,Medical conditions,Medical conditions - diabetes,Diabetes - not stated,Maternal age,Total,Trend,2020,814,"291,714"
Antenatal period,Medical conditions,Medical conditions - diabetes,Total,Maternal age,Under 20,Trend,2020,"5,216","5,216"
Antenatal period,Medical conditions,Medical conditions - diabetes,Total,Maternal age,20-24,Trend,2020,"30,077","30,077"
Antenatal period,Medical conditions,Medical conditions - diabetes,Total,Maternal age,25-29,Trend,2020,"74,921","74,921"
Antenatal period,Medical conditions,Medical conditions - diabetes,Total,Maternal age,30-34,Trend,2020,"107,037","107,037"
Antenatal period,Medical conditions,Medical conditions - diabetes,Total,Maternal age,35-39,Trend,2020,"61,255","61,255"
Antenatal period,Medical conditions,Medical conditions - diabetes,Total,Maternal age,40 and over,Trend,2020,"13,163","13,163"
Antenatal period,Medical conditions,Medical conditions - diabetes,Total,Maternal age,Not stated,Trend,2020,45,45
Antenatal period,Medical conditions,Medical conditions - diabetes,Total,Maternal age,Total,Trend,2020,"291,714","291,714"
Antenatal period,Medical conditions,Medical conditions - diabetes,Diabetes - none,Maternal age,Under 20,Trend,2021,"4,336","4,769"
Antenatal period,Medical conditions,Medical conditions - diabetes,Diabetes - none,Maternal age,20-24,Trend,2021,"26,203","29,618"
Antenatal period,Medical conditions,Medical conditions - diabetes,Diabetes - none,Maternal age,25-29,Trend,2021,"66,659","78,300"
Antenatal period,Medical conditions,Medical conditions - diabetes,Diabetes - none,Maternal age,30-34,Trend,2021,"96,804","116,779"
Antenatal period,Medical conditions,Medical conditions - diabetes,Diabetes - none,Maternal age,35-39,Trend,2021,"53,139","67,758"
Antenatal period,Medical conditions,Medical conditions - diabetes,Diabetes - none,Maternal age,40 and over,Trend,2021,"10,293","14,113"
Antenatal period,Medical conditions,Medical conditions - diabetes,Diabetes - none,Maternal age,Not stated,Trend,2021,19,23
Antenatal period,Medical conditions,Medical conditions - diabetes,Diabetes - none,Maternal age,Total,Trend,2021,"257,453","311,360"
Antenatal period,Medical conditions,Medical conditions - diabetes,Pre-existing diabetes,Maternal age,Under 20,Trend,2021,26,"4,769"
Antenatal period,Medical conditions,Medical conditions - diabetes,Pre-existing diabetes,Maternal age,20-24,Trend,2021,217,"29,618"
Antenatal period,Medical conditions,Medical conditions - diabetes,Pre-existing diabetes,Maternal age,25-29,Trend,2021,599,"78,300"
Antenatal period,Medical conditions,Medical conditions - diabetes,Pre-existing diabetes,Maternal age,30-34,Trend,2021,972,"116,779"
Antenatal period,Medical conditions,Medical conditions - diabetes,Pre-existing diabetes,Maternal age,35-39,Trend,2021,778,"67,758"
Antenatal period,Medical conditions,Medical conditions - diabetes,Pre-existing diabetes,Maternal age,40 and over,Trend,2021,231,"14,113"
Antenatal period,Medical conditions,Medical conditions - diabetes,Pre-existing diabetes,Maternal age,Not stated,Trend,2021,0,23
Antenatal period,Medical conditions,Medical conditions - diabetes,Pre-existing diabetes,Maternal age,Total,Trend,2021,"2,823","311,360"
Antenatal period,Medical conditions,Medical conditions - diabetes,Gestational diabetes,Maternal age,Under 20,Trend,2021,396,"4,769"
Antenatal period,Medical conditions,Medical conditions - diabetes,Gestational diabetes,Maternal age,20-24,Trend,2021,"3,142","29,618"
Antenatal period,Medical conditions,Medical conditions - diabetes,Gestational diabetes,Maternal age,25-29,Trend,2021,"10,925","78,300"
Antenatal period,Medical conditions,Medical conditions - diabetes,Gestational diabetes,Maternal age,30-34,Trend,2021,"18,866","116,779"
Antenatal period,Medical conditions,Medical conditions - diabetes,Gestational diabetes,Maternal age,35-39,Trend,2021,"13,754","67,758"
Antenatal period,Medical conditions,Medical conditions - diabetes,Gestational diabetes,Maternal age,40 and over,Trend,2021,"3,559","14,113"
Antenatal period,Medical conditions,Medical conditions - diabetes,Gestational diabetes,Maternal age,Not stated,Trend,2021,4,23
Antenatal period,Medical conditions,Medical conditions - diabetes,Gestational diabetes,Maternal age,Total,Trend,2021,"50,646","311,360"
Antenatal period,Medical conditions,Medical conditions - diabetes,Diabetes - not stated,Maternal age,Under 20,Trend,2021,11,"4,769"
Antenatal period,Medical conditions,Medical conditions - diabetes,Diabetes - not stated,Maternal age,20-24,Trend,2021,56,"29,618"
Antenatal period,Medical conditions,Medical conditions - diabetes,Diabetes - not stated,Maternal age,25-29,Trend,2021,117,"78,300"
Antenatal period,Medical conditions,Medical conditions - diabetes,Diabetes - not stated,Maternal age,30-34,Trend,2021,137,"116,779"
Antenatal period,Medical conditions,Medical conditions - diabetes,Diabetes - not stated,Maternal age,35-39,Trend,2021,87,"67,758"
Antenatal period,Medical conditions,Medical conditions - diabetes,Diabetes - not stated,Maternal age,40 and over,Trend,2021,30,"14,113"
Antenatal period,Medical conditions,Medical conditions - diabetes,Diabetes - not stated,Maternal age,Not stated,Trend,2021,0,23
Antenatal period,Medical conditions,Medical conditions - diabetes,Diabetes - not stated,Maternal age,Total,Trend,2021,438,"311,360"
Antenatal period,Medical conditions,Medical conditions - diabetes,Total,Maternal age,Under 20,Trend,2021,"4,769","4,769"
Antenatal period,Medical conditions,Medical conditions - diabetes,Total,Maternal age,20-24,Trend,2021,"29,618","29,618"
Antenatal period,Medical conditions,Medical conditions - diabetes,Total,Maternal age,25-29,Trend,2021,"78,300","78,300"
Antenatal period,Medical conditions,Medical conditions - diabetes,Total,Maternal age,30-34,Trend,2021,"116,779","116,779"
Antenatal period,Medical conditions,Medical conditions - diabetes,Total,Maternal age,35-39,Trend,2021,"67,758","67,758"
Antenatal period,Medical conditions,Medical conditions - diabetes,Total,Maternal age,40 and over,Trend,2021,"14,113","14,113"
Antenatal period,Medical conditions,Medical conditions - diabetes,Total,Maternal age,Not stated,Trend,2021,23,23
Antenatal period,Medical conditions,Medical conditions - diabetes,Total,Maternal age,Total,Trend,2021,"311,360","311,360"
Antenatal period,Medical conditions,Medical conditions - diabetes,Diabetes - none,Maternal age,Under 20,Trend,2022,"4,277","4,649"
Antenatal period,Medical conditions,Medical conditions - diabetes,Diabetes - none,Maternal age,20-24,Trend,2022,"24,382","27,762"
Antenatal period,Medical conditions,Medical conditions - diabetes,Diabetes - none,Maternal age,25-29,Trend,2022,"61,510","73,002"
Antenatal period,Medical conditions,Medical conditions - diabetes,Diabetes - none,Maternal age,30-34,Trend,2022,"88,299","108,592"
Antenatal period,Medical conditions,Medical conditions - diabetes,Diabetes - none,Maternal age,35-39,Trend,2022,"50,153","65,023"
Antenatal period,Medical conditions,Medical conditions - diabetes,Diabetes - none,Maternal age,40 and over,Trend,2022,"10,231","14,392"
Antenatal period,Medical conditions,Medical conditions - diabetes,Diabetes - none,Maternal age,Not stated,Trend,2022,14,15
Antenatal period,Medical conditions,Medical conditions - diabetes,Diabetes - none,Maternal age,Total,Trend,2022,"238,866","293,435"
Antenatal period,Medical conditions,Medical conditions - diabetes,Pre-existing diabetes,Maternal age,Under 20,Trend,2022,27,"4,649"
Antenatal period,Medical conditions,Medical conditions - diabetes,Pre-existing diabetes,Maternal age,20-24,Trend,2022,219,"27,762"
Antenatal period,Medical conditions,Medical conditions - diabetes,Pre-existing diabetes,Maternal age,25-29,Trend,2022,610,"73,002"
Antenatal period,Medical conditions,Medical conditions - diabetes,Pre-existing diabetes,Maternal age,30-34,Trend,2022,"1,089","108,592"
Antenatal period,Medical conditions,Medical conditions - diabetes,Pre-existing diabetes,Maternal age,35-39,Trend,2022,827,"65,023"
Antenatal period,Medical conditions,Medical conditions - diabetes,Pre-existing diabetes,Maternal age,40 and over,Trend,2022,261,"14,392"
Antenatal period,Medical conditions,Medical conditions - diabetes,Pre-existing diabetes,Maternal age,Not stated,Trend,2022,0,15
Antenatal period,Medical conditions,Medical conditions - diabetes,Pre-existing diabetes,Maternal age,Total,Trend,2022,"3,033","293,435"
Antenatal period,Medical conditions,Medical conditions - diabetes,Gestational diabetes,Maternal age,Under 20,Trend,2022,324,"4,649"
Antenatal period,Medical conditions,Medical conditions - diabetes,Gestational diabetes,Maternal age,20-24,Trend,2022,"3,055","27,762"
Antenatal period,Medical conditions,Medical conditions - diabetes,Gestational diabetes,Maternal age,25-29,Trend,2022,"10,664","73,002"
Antenatal period,Medical conditions,Medical conditions - diabetes,Gestational diabetes,Maternal age,30-34,Trend,2022,"18,841","108,592"
Antenatal period,Medical conditions,Medical conditions - diabetes,Gestational diabetes,Maternal age,35-39,Trend,2022,"13,790","65,023"
Antenatal period,Medical conditions,Medical conditions - diabetes,Gestational diabetes,Maternal age,40 and over,Trend,2022,"3,836","14,392"
Antenatal period,Medical conditions,Medical conditions - diabetes,Gestational diabetes,Maternal age,Not stated,Trend,2022,1,15
Antenatal period,Medical conditions,Medical conditions - diabetes,Gestational diabetes,Maternal age,Total,Trend,2022,"50,511","293,435"
Antenatal period,Medical conditions,Medical conditions - diabetes,Diabetes - not stated,Maternal age,Under 20,Trend,2022,21,"4,649"
Antenatal period,Medical conditions,Medical conditions - diabetes,Diabetes - not stated,Maternal age,20-24,Trend,2022,106,"27,762"
Antenatal period,Medical conditions,Medical conditions - diabetes,Diabetes - not stated,Maternal age,25-29,Trend,2022,218,"73,002"
Antenatal period,Medical conditions,Medical conditions - diabetes,Diabetes - not stated,Maternal age,30-34,Trend,2022,363,"108,592"
Antenatal period,Medical conditions,Medical conditions - diabetes,Diabetes - not stated,Maternal age,35-39,Trend,2022,253,"65,023"
Antenatal period,Medical conditions,Medical conditions - diabetes,Diabetes - not stated,Maternal age,40 and over,Trend,2022,64,"14,392"
Antenatal period,Medical conditions,Medical conditions - diabetes,Diabetes - not stated,Maternal age,Not stated,Trend,2022,0,15
Antenatal period,Medical conditions,Medical conditions - diabetes,Diabetes - not stated,Maternal age,Total,Trend,2022,"1,025","293,435"
Antenatal period,Medical conditions,Medical conditions - diabetes,Total,Maternal age,Under 20,Trend,2022,"4,649","4,649"
Antenatal period,Medical conditions,Medical conditions - diabetes,Total,Maternal age,20-24,Trend,2022,"27,762","27,762"
Antenatal period,Medical conditions,Medical conditions - diabetes,Total,Maternal age,25-29,Trend,2022,"73,002","73,002"
Antenatal period,Medical conditions,Medical conditions - diabetes,Total,Maternal age,30-34,Trend,2022,"108,592","108,592"
Antenatal period,Medical conditions,Medical conditions - diabetes,Total,Maternal age,35-39,Trend,2022,"65,023","65,023"
Antenatal period,Medical conditions,Medical conditions - diabetes,Total,Maternal age,40 and over,Trend,2022,"14,392","14,392"
Antenatal period,Medical conditions,Medical conditions - diabetes,Total,Maternal age,Not stated,Trend,2022,15,15
Antenatal period,Medical conditions,Medical conditions - diabetes,Total,Maternal age,Total,Trend,2022,"293,435","293,435"
Antenatal period,Medical conditions,Medical conditions - diabetes,Diabetes - none,Maternal age,Under 20,Trend,2023,"4,109","4,455"
Antenatal period,Medical conditions,Medical conditions - diabetes,Diabetes - none,Maternal age,20-24,Trend,2023,"22,612","25,720"
Antenatal period,Medical conditions,Medical conditions - diabetes,Diabetes - none,Maternal age,25-29,Trend,2023,"57,114","67,616"
Antenatal period,Medical conditions,Medical conditions - diabetes,Diabetes - none,Maternal age,30-34,Trend,2023,"83,072","101,344"
Antenatal period,Medical conditions,Medical conditions - diabetes,Diabetes - none,Maternal age,35-39,Trend,2023,"48,007","61,816"
Antenatal period,Medical conditions,Medical conditions - diabetes,Diabetes - none,Maternal age,40 and over,Trend,2023,"10,055","14,207"
Antenatal period,Medical conditions,Medical conditions - diabetes,Diabetes - none,Maternal age,Not stated,Trend,2023,15,16
Antenatal period,Medical conditions,Medical conditions - diabetes,Diabetes - none,Maternal age,Total,Trend,2023,"224,984","275,174"
Antenatal period,Medical conditions,Medical conditions - diabetes,Pre-existing diabetes,Maternal age,Under 20,Trend,2023,25,"4,455"
Antenatal period,Medical conditions,Medical conditions - diabetes,Pre-existing diabetes,Maternal age,20-24,Trend,2023,194,"25,720"
Antenatal period,Medical conditions,Medical conditions - diabetes,Pre-existing diabetes,Maternal age,25-29,Trend,2023,575,"67,616"
Antenatal period,Medical conditions,Medical conditions - diabetes,Pre-existing diabetes,Maternal age,30-34,Trend,2023,"1,006","101,344"
Antenatal period,Medical conditions,Medical conditions - diabetes,Pre-existing diabetes,Maternal age,35-39,Trend,2023,865,"61,816"
Antenatal period,Medical conditions,Medical conditions - diabetes,Pre-existing diabetes,Maternal age,40 and over,Trend,2023,352,"14,207"
Antenatal period,Medical conditions,Medical conditions - diabetes,Pre-existing diabetes,Maternal age,Not stated,Trend,2023,0,16
Antenatal period,Medical conditions,Medical conditions - diabetes,Pre-existing diabetes,Maternal age,Total,Trend,2023,"3,017","275,174"
Antenatal period,Medical conditions,Medical conditions - diabetes,Gestational diabetes,Maternal age,Under 20,Trend,2023,297,"4,455"
Antenatal period,Medical conditions,Medical conditions - diabetes,Gestational diabetes,Maternal age,20-24,Trend,2023,"2,791","25,720"
Antenatal period,Medical conditions,Medical conditions - diabetes,Gestational diabetes,Maternal age,25-29,Trend,2023,"9,707","67,616"
Antenatal period,Medical conditions,Medical conditions - diabetes,Gestational diabetes,Maternal age,30-34,Trend,2023,"16,930","101,344"
Antenatal period,Medical conditions,Medical conditions - diabetes,Gestational diabetes,Maternal age,35-39,Trend,2023,"12,723","61,816"
Antenatal period,Medical conditions,Medical conditions - diabetes,Gestational diabetes,Maternal age,40 and over,Trend,2023,"3,752","14,207"
Antenatal period,Medical conditions,Medical conditions - diabetes,Gestational diabetes,Maternal age,Not stated,Trend,2023,1,16
Antenatal period,Medical conditions,Medical conditions - diabetes,Gestational diabetes,Maternal age,Total,Trend,2023,"46,201","275,174"
Antenatal period,Medical conditions,Medical conditions - diabetes,Diabetes - not stated,Maternal age,Under 20,Trend,2023,24,"4,455"
Antenatal period,Medical conditions,Medical conditions - diabetes,Diabetes - not stated,Maternal age,20-24,Trend,2023,123,"25,720"
Antenatal period,Medical conditions,Medical conditions - diabetes,Diabetes - not stated,Maternal age,25-29,Trend,2023,220,"67,616"
Antenatal period,Medical conditions,Medical conditions - diabetes,Diabetes - not stated,Maternal age,30-34,Trend,2023,336,"101,344"
Antenatal period,Medical conditions,Medical conditions - diabetes,Diabetes - not stated,Maternal age,35-39,Trend,2023,221,"61,816"
Antenatal period,Medical conditions,Medical conditions - diabetes,Diabetes - not stated,Maternal age,40 and over,Trend,2023,48,"14,207"
Antenatal period,Medical conditions,Medical conditions - diabetes,Diabetes - not stated,Maternal age,Not stated,Trend,2023,0,16
Antenatal period,Medical conditions,Medical conditions - diabetes,Diabetes - not stated,Maternal age,Total,Trend,2023,972,"275,174"
Antenatal period,Medical conditions,Medical conditions - diabetes,Total,Maternal age,Under 20,Trend,2023,"4,455","4,455"
Antenatal period,Medical conditions,Medical conditions - diabetes,Total,Maternal age,20-24,Trend,2023,"25,720","25,720"
Antenatal period,Medical conditions,Medical conditions - diabetes,Total,Maternal age,25-29,Trend,2023,"67,616","67,616"
Antenatal period,Medical conditions,Medical conditions - diabetes,Total,Maternal age,30-34,Trend,2023,"101,344","101,344"
Antenatal period,Medical conditions,Medical conditions - diabetes,Total,Maternal age,35-39,Trend,2023,"61,816","61,816"
Antenatal period,Medical conditions,Medical conditions - diabetes,Total,Maternal age,40 and over,Trend,2023,"14,207","14,207"
Antenatal period,Medical conditions,Medical conditions - diabetes,Total,Maternal age,Not stated,Trend,2023,16,16
Antenatal period,Medical conditions,Medical conditions - diabetes,Total,Maternal age,Total,Trend,2023,"275,174","275,174"
Antenatal period,Medical conditions,Medical conditions - hypertension,Hypertension - not stated,Maternal age,Under 20,Trend,2018,0,"5,061"
Antenatal period,Medical conditions,Medical conditions - hypertension,Pre-eclampsia/eclampsia,Maternal age,Under 20,Trend,2018,186,"5,061"
Antenatal period,Medical conditions,Medical conditions - hypertension,Pre-eclampsia/eclampsia,Maternal age,20-24,Trend,2018,603,"26,943"
Antenatal period,Medical conditions,Medical conditions - hypertension,Hypertension - not stated,Maternal age,20-24,Trend,2018,1,"26,943"
Antenatal period,Medical conditions,Medical conditions - hypertension,Hypertension - not stated,Maternal age,25-29,Trend,2018,5,"59,757"
Antenatal period,Medical conditions,Medical conditions - hypertension,Pre-eclampsia/eclampsia,Maternal age,25-29,Trend,2018,"1,179","59,757"
Antenatal period,Medical conditions,Medical conditions - hypertension,Pre-eclampsia/eclampsia,Maternal age,30-34,Trend,2018,"1,328","77,543"
Antenatal period,Medical conditions,Medical conditions - hypertension,Hypertension - not stated,Maternal age,30-34,Trend,2018,13,"77,543"
Antenatal period,Medical conditions,Medical conditions - hypertension,Hypertension - not stated,Maternal age,35-39,Trend,2018,15,"42,324"
Antenatal period,Medical conditions,Medical conditions - hypertension,Pre-eclampsia/eclampsia,Maternal age,35-39,Trend,2018,813,"42,324"
Antenatal period,Medical conditions,Medical conditions - hypertension,Pre-eclampsia/eclampsia,Maternal age,40 and over,Trend,2018,248,"9,253"
Antenatal period,Medical conditions,Medical conditions - hypertension,Hypertension - not stated,Maternal age,40 and over,Trend,2018,6,"9,253"
Antenatal period,Medical conditions,Medical conditions - hypertension,Pre-eclampsia/eclampsia,Maternal age,Not stated,Trend,2018,0,16
Antenatal period,Medical conditions,Medical conditions - hypertension,Hypertension - not stated,Maternal age,Not stated,Trend,2018,0,16
Antenatal period,Medical conditions,Medical conditions - hypertension,Pre-eclampsia/eclampsia,Maternal age,Total,Trend,2018,"4,357","220,897"
Antenatal period,Medical conditions,Medical conditions - hypertension,Hypertension - not stated,Maternal age,Total,Trend,2018,40,"220,897"
Antenatal period,Medical conditions,Medical conditions - hypertension,Hypertension - none,Maternal age,Under 20,Trend,2018,"4,742","5,061"
Antenatal period,Medical conditions,Medical conditions - hypertension,Hypertension - none,Maternal age,20-24,Trend,2018,"25,485","26,943"
Antenatal period,Medical conditions,Medical conditions - hypertension,Hypertension - none,Maternal age,25-29,Trend,2018,"56,690","59,757"
Antenatal period,Medical conditions,Medical conditions - hypertension,Hypertension - none,Maternal age,30-34,Trend,2018,"73,690","77,543"
Antenatal period,Medical conditions,Medical conditions - hypertension,Hypertension - none,Maternal age,35-39,Trend,2018,"39,955","42,324"
Antenatal period,Medical conditions,Medical conditions - hypertension,Hypertension - none,Maternal age,40 and over,Trend,2018,"8,454","9,253"
Antenatal period,Medical conditions,Medical conditions - hypertension,Hypertension - none,Maternal age,Not stated,Trend,2018,16,16
Antenatal period,Medical conditions,Medical conditions - hypertension,Hypertension - none,Maternal age,Total,Trend,2018,"209,032","220,897"
Antenatal period,Medical conditions,Medical conditions - hypertension,Pre-existing hypertension,Maternal age,Under 20,Trend,2018,17,"5,061"
Antenatal period,Medical conditions,Medical conditions - hypertension,Pre-existing hypertension,Maternal age,20-24,Trend,2018,95,"26,943"
Antenatal period,Medical conditions,Medical conditions - hypertension,Pre-existing hypertension,Maternal age,25-29,Trend,2018,314,"59,757"
Antenatal period,Medical conditions,Medical conditions - hypertension,Pre-existing hypertension,Maternal age,30-34,Trend,2018,552,"77,543"
Antenatal period,Medical conditions,Medical conditions - hypertension,Pre-existing hypertension,Maternal age,35-39,Trend,2018,506,"42,324"
Antenatal period,Medical conditions,Medical conditions - hypertension,Pre-existing hypertension,Maternal age,40 and over,Trend,2018,228,"9,253"
Antenatal period,Medical conditions,Medical conditions - hypertension,Pre-existing hypertension,Maternal age,Not stated,Trend,2018,0,16
Antenatal period,Medical conditions,Medical conditions - hypertension,Pre-existing hypertension,Maternal age,Total,Trend,2018,"1,712","220,897"
Antenatal period,Medical conditions,Medical conditions - hypertension,Gestational hypertension,Maternal age,Under 20,Trend,2018,168,"5,061"
Antenatal period,Medical conditions,Medical conditions - hypertension,Gestational hypertension,Maternal age,20-24,Trend,2018,952,"26,943"
Antenatal period,Medical conditions,Medical conditions - hypertension,Gestational hypertension,Maternal age,25-29,Trend,2018,"2,027","59,757"
Antenatal period,Medical conditions,Medical conditions - hypertension,Gestational hypertension,Maternal age,30-34,Trend,2018,"2,547","77,543"
Antenatal period,Medical conditions,Medical conditions - hypertension,Gestational hypertension,Maternal age,35-39,Trend,2018,"1,408","42,324"
Antenatal period,Medical conditions,Medical conditions - hypertension,Gestational hypertension,Maternal age,40 and over,Trend,2018,427,"9,253"
Antenatal period,Medical conditions,Medical conditions - hypertension,Gestational hypertension,Maternal age,Not stated,Trend,2018,0,16
Antenatal period,Medical conditions,Medical conditions - hypertension,Gestational hypertension,Maternal age,Total,Trend,2018,"7,529","220,897"
Antenatal period,Medical conditions,Medical conditions - hypertension,Total,Maternal age,Under 20,Trend,2018,"5,113",. .
Antenatal period,Medical conditions,Medical conditions - hypertension,Total,Maternal age,20-24,Trend,2018,"27,136",. .
Antenatal period,Medical conditions,Medical conditions - hypertension,Total,Maternal age,25-29,Trend,2018,"60,215",. .
Antenatal period,Medical conditions,Medical conditions - hypertension,Total,Maternal age,30-34,Trend,2018,"78,130",. .
Antenatal period,Medical conditions,Medical conditions - hypertension,Total,Maternal age,35-39,Trend,2018,"42,697",. .
Antenatal period,Medical conditions,Medical conditions - hypertension,Total,Maternal age,40 and over,Trend,2018,"9,363",. .
Antenatal period,Medical conditions,Medical conditions - hypertension,Total,Maternal age,Not stated,Trend,2018,16,. .
Antenatal period,Medical conditions,Medical conditions - hypertension,Total,Maternal age,Total,Trend,2018,"222,670",. .
Antenatal period,Medical conditions,Medical conditions - hypertension,Hypertension - not stated,Maternal age,Under 20,Trend,2019,0,"4,779"
Antenatal period,Medical conditions,Medical conditions - hypertension,Pre-eclampsia/eclampsia,Maternal age,Under 20,Trend,2019,164,"4,779"
Antenatal period,Medical conditions,Medical conditions - hypertension,Pre-eclampsia/eclampsia,Maternal age,20-24,Trend,2019,684,"25,870"
Antenatal period,Medical conditions,Medical conditions - hypertension,Hypertension - not stated,Maternal age,20-24,Trend,2019,2,"25,870"
Antenatal period,Medical conditions,Medical conditions - hypertension,Hypertension - not stated,Maternal age,25-29,Trend,2019,7,"58,851"
Antenatal period,Medical conditions,Medical conditions - hypertension,Pre-eclampsia/eclampsia,Maternal age,25-29,Trend,2019,"1,292","58,851"
Antenatal period,Medical conditions,Medical conditions - hypertension,Pre-eclampsia/eclampsia,Maternal age,30-34,Trend,2019,"1,500","77,774"
Antenatal period,Medical conditions,Medical conditions - hypertension,Hypertension - not stated,Maternal age,30-34,Trend,2019,20,"77,774"
Antenatal period,Medical conditions,Medical conditions - hypertension,Pre-eclampsia/eclampsia,Maternal age,35-39,Trend,2019,871,"43,600"
Antenatal period,Medical conditions,Medical conditions - hypertension,Hypertension - not stated,Maternal age,35-39,Trend,2019,17,"43,600"
Antenatal period,Medical conditions,Medical conditions - hypertension,Pre-eclampsia/eclampsia,Maternal age,40 and over,Trend,2019,300,"9,514"
Antenatal period,Medical conditions,Medical conditions - hypertension,Hypertension - not stated,Maternal age,40 and over,Trend,2019,9,"9,514"
Antenatal period,Medical conditions,Medical conditions - hypertension,Pre-eclampsia/eclampsia,Maternal age,Not stated,Trend,2019,0,7
Antenatal period,Medical conditions,Medical conditions - hypertension,Hypertension - not stated,Maternal age,Not stated,Trend,2019,0,7
Antenatal period,Medical conditions,Medical conditions - hypertension,Hypertension - not stated,Maternal age,Total,Trend,2019,55,"220,395"
Antenatal period,Medical conditions,Medical conditions - hypertension,Pre-eclampsia/eclampsia,Maternal age,Total,Trend,2019,"4,811","220,395"
Antenatal period,Medical conditions,Medical conditions - hypertension,Hypertension - none,Maternal age,Under 20,Trend,2019,"4,505","4,779"
Antenatal period,Medical conditions,Medical conditions - hypertension,Hypertension - none,Maternal age,20-24,Trend,2019,"24,395","25,870"
Antenatal period,Medical conditions,Medical conditions - hypertension,Hypertension - none,Maternal age,25-29,Trend,2019,"55,754","58,851"
Antenatal period,Medical conditions,Medical conditions - hypertension,Hypertension - none,Maternal age,30-34,Trend,2019,"73,764","77,774"
Antenatal period,Medical conditions,Medical conditions - hypertension,Hypertension - none,Maternal age,35-39,Trend,2019,"41,096","43,600"
Antenatal period,Medical conditions,Medical conditions - hypertension,Hypertension - none,Maternal age,40 and over,Trend,2019,"8,674","9,514"
Antenatal period,Medical conditions,Medical conditions - hypertension,Hypertension - none,Maternal age,Not stated,Trend,2019,6,7
Antenatal period,Medical conditions,Medical conditions - hypertension,Hypertension - none,Maternal age,Total,Trend,2019,"208,194","220,395"
Antenatal period,Medical conditions,Medical conditions - hypertension,Pre-existing hypertension,Maternal age,Under 20,Trend,2019,9,"4,779"
Antenatal period,Medical conditions,Medical conditions - hypertension,Pre-existing hypertension,Maternal age,20-24,Trend,2019,146,"25,870"
Antenatal period,Medical conditions,Medical conditions - hypertension,Pre-existing hypertension,Maternal age,25-29,Trend,2019,344,"58,851"
Antenatal period,Medical conditions,Medical conditions - hypertension,Pre-existing hypertension,Maternal age,30-34,Trend,2019,636,"77,774"
Antenatal period,Medical conditions,Medical conditions - hypertension,Pre-existing hypertension,Maternal age,35-39,Trend,2019,563,"43,600"
Antenatal period,Medical conditions,Medical conditions - hypertension,Pre-existing hypertension,Maternal age,40 and over,Trend,2019,233,"9,514"
Antenatal period,Medical conditions,Medical conditions - hypertension,Pre-existing hypertension,Maternal age,Not stated,Trend,2019,0,7
Antenatal period,Medical conditions,Medical conditions - hypertension,Pre-existing hypertension,Maternal age,Total,Trend,2019,"1,931","220,395"
Antenatal period,Medical conditions,Medical conditions - hypertension,Gestational hypertension,Maternal age,Under 20,Trend,2019,154,"4,779"
Antenatal period,Medical conditions,Medical conditions - hypertension,Gestational hypertension,Maternal age,20-24,Trend,2019,876,"25,870"
Antenatal period,Medical conditions,Medical conditions - hypertension,Gestational hypertension,Maternal age,25-29,Trend,2019,"1,921","58,851"
Antenatal period,Medical conditions,Medical conditions - hypertension,Gestational hypertension,Maternal age,30-34,Trend,2019,"2,423","77,774"
Antenatal period,Medical conditions,Medical conditions - hypertension,Gestational hypertension,Maternal age,35-39,Trend,2019,"1,403","43,600"
Antenatal period,Medical conditions,Medical conditions - hypertension,Gestational hypertension,Maternal age,40 and over,Trend,2019,414,"9,514"
Antenatal period,Medical conditions,Medical conditions - hypertension,Gestational hypertension,Maternal age,Not stated,Trend,2019,1,7
Antenatal period,Medical conditions,Medical conditions - hypertension,Gestational hypertension,Maternal age,Total,Trend,2019,"7,192","220,395"
Antenatal period,Medical conditions,Medical conditions - hypertension,Total,Maternal age,Under 20,Trend,2019,"4,832",. .
Antenatal period,Medical conditions,Medical conditions - hypertension,Total,Maternal age,20-24,Trend,2019,"26,103",. .
Antenatal period,Medical conditions,Medical conditions - hypertension,Total,Maternal age,25-29,Trend,2019,"59,318",. .
Antenatal period,Medical conditions,Medical conditions - hypertension,Total,Maternal age,30-34,Trend,2019,"78,343",. .
Antenatal period,Medical conditions,Medical conditions - hypertension,Total,Maternal age,35-39,Trend,2019,"43,950",. .
Antenatal period,Medical conditions,Medical conditions - hypertension,Total,Maternal age,40 and over,Trend,2019,"9,630",. .
Antenatal period,Medical conditions,Medical conditions - hypertension,Total,Maternal age,Not stated,Trend,2019,7,. .
Antenatal period,Medical conditions,Medical conditions - hypertension,Total,Maternal age,Total,Trend,2019,"222,183",. .
Antenatal period,Medical conditions,Medical conditions - hypertension,Hypertension - not stated,Maternal age,Under 20,Trend,2020,2,"5,216"
Antenatal period,Medical conditions,Medical conditions - hypertension,Pre-eclampsia/eclampsia,Maternal age,Under 20,Trend,2020,202,"5,216"
Antenatal period,Medical conditions,Medical conditions - hypertension,Pre-eclampsia/eclampsia,Maternal age,20-24,Trend,2020,883,"30,077"
Antenatal period,Medical conditions,Medical conditions - hypertension,Hypertension - not stated,Maternal age,20-24,Trend,2020,23,"30,077"
Antenatal period,Medical conditions,Medical conditions - hypertension,Hypertension - not stated,Maternal age,25-29,Trend,2020,59,"74,921"
Antenatal period,Medical conditions,Medical conditions - hypertension,Pre-eclampsia/eclampsia,Maternal age,25-29,Trend,2020,"1,859","74,921"
Antenatal period,Medical conditions,Medical conditions - hypertension,Pre-eclampsia/eclampsia,Maternal age,30-34,Trend,2020,"2,412","107,037"
Antenatal period,Medical conditions,Medical conditions - hypertension,Hypertension - not stated,Maternal age,30-34,Trend,2020,81,"107,037"
Antenatal period,Medical conditions,Medical conditions - hypertension,Pre-eclampsia/eclampsia,Maternal age,35-39,Trend,2020,"1,395","61,255"
Antenatal period,Medical conditions,Medical conditions - hypertension,Hypertension - not stated,Maternal age,35-39,Trend,2020,45,"61,255"
Antenatal period,Medical conditions,Medical conditions - hypertension,Hypertension - not stated,Maternal age,40 and over,Trend,2020,13,"13,163"
Antenatal period,Medical conditions,Medical conditions - hypertension,Pre-eclampsia/eclampsia,Maternal age,40 and over,Trend,2020,494,"13,163"
Antenatal period,Medical conditions,Medical conditions - hypertension,Hypertension - not stated,Maternal age,Not stated,Trend,2020,0,45
Antenatal period,Medical conditions,Medical conditions - hypertension,Pre-eclampsia/eclampsia,Maternal age,Not stated,Trend,2020,1,45
Antenatal period,Medical conditions,Medical conditions - hypertension,Hypertension - not stated,Maternal age,Total,Trend,2020,223,"291,714"
Antenatal period,Medical conditions,Medical conditions - hypertension,Pre-eclampsia/eclampsia,Maternal age,Total,Trend,2020,"7,246","291,714"
Antenatal period,Medical conditions,Medical conditions - hypertension,Hypertension - none,Maternal age,Under 20,Trend,2020,"4,876","5,216"
Antenatal period,Medical conditions,Medical conditions - hypertension,Hypertension - none,Maternal age,20-24,Trend,2020,"28,266","30,077"
Antenatal period,Medical conditions,Medical conditions - hypertension,Hypertension - none,Maternal age,25-29,Trend,2020,"70,576","74,921"
Antenatal period,Medical conditions,Medical conditions - hypertension,Hypertension - none,Maternal age,30-34,Trend,2020,"101,117","107,037"
Antenatal period,Medical conditions,Medical conditions - hypertension,Hypertension - none,Maternal age,35-39,Trend,2020,"57,505","61,255"
Antenatal period,Medical conditions,Medical conditions - hypertension,Hypertension - none,Maternal age,40 and over,Trend,2020,"11,877","13,163"
Antenatal period,Medical conditions,Medical conditions - hypertension,Hypertension - none,Maternal age,Not stated,Trend,2020,43,45
Antenatal period,Medical conditions,Medical conditions - hypertension,Hypertension - none,Maternal age,Total,Trend,2020,"274,260","291,714"
Antenatal period,Medical conditions,Medical conditions - hypertension,Pre-existing hypertension,Maternal age,Under 20,Trend,2020,15,"5,216"
Antenatal period,Medical conditions,Medical conditions - hypertension,Pre-existing hypertension,Maternal age,20-24,Trend,2020,140,"30,077"
Antenatal period,Medical conditions,Medical conditions - hypertension,Pre-existing hypertension,Maternal age,25-29,Trend,2020,460,"74,921"
Antenatal period,Medical conditions,Medical conditions - hypertension,Pre-existing hypertension,Maternal age,30-34,Trend,2020,910,"107,037"
Antenatal period,Medical conditions,Medical conditions - hypertension,Pre-existing hypertension,Maternal age,35-39,Trend,2020,839,"61,255"
Antenatal period,Medical conditions,Medical conditions - hypertension,Pre-existing hypertension,Maternal age,40 and over,Trend,2020,371,"13,163"
Antenatal period,Medical conditions,Medical conditions - hypertension,Pre-existing hypertension,Maternal age,Not stated,Trend,2020,0,45
Antenatal period,Medical conditions,Medical conditions - hypertension,Pre-existing hypertension,Maternal age,Total,Trend,2020,"2,735","291,714"
Antenatal period,Medical conditions,Medical conditions - hypertension,Gestational hypertension,Maternal age,Under 20,Trend,2020,171,"5,216"
Antenatal period,Medical conditions,Medical conditions - hypertension,Gestational hypertension,Maternal age,20-24,Trend,2020,"1,051","30,077"
Antenatal period,Medical conditions,Medical conditions - hypertension,Gestational hypertension,Maternal age,25-29,Trend,2020,"2,573","74,921"
Antenatal period,Medical conditions,Medical conditions - hypertension,Gestational hypertension,Maternal age,30-34,Trend,2020,"3,412","107,037"
Antenatal period,Medical conditions,Medical conditions - hypertension,Gestational hypertension,Maternal age,35-39,Trend,2020,"2,009","61,255"
Antenatal period,Medical conditions,Medical conditions - hypertension,Gestational hypertension,Maternal age,40 and over,Trend,2020,594,"13,163"
Antenatal period,Medical conditions,Medical conditions - hypertension,Gestational hypertension,Maternal age,Not stated,Trend,2020,2,45
Antenatal period,Medical conditions,Medical conditions - hypertension,Gestational hypertension,Maternal age,Total,Trend,2020,"9,812","291,714"
Antenatal period,Medical conditions,Medical conditions - hypertension,Total,Maternal age,Under 20,Trend,2020,"5,266",. .
Antenatal period,Medical conditions,Medical conditions - hypertension,Total,Maternal age,20-24,Trend,2020,"30,363",. .
Antenatal period,Medical conditions,Medical conditions - hypertension,Total,Maternal age,25-29,Trend,2020,"75,527",. .
Antenatal period,Medical conditions,Medical conditions - hypertension,Total,Maternal age,30-34,Trend,2020,"107,932",. .
Antenatal period,Medical conditions,Medical conditions - hypertension,Total,Maternal age,35-39,Trend,2020,"61,793",. .
Antenatal period,Medical conditions,Medical conditions - hypertension,Total,Maternal age,40 and over,Trend,2020,"13,349",. .
Antenatal period,Medical conditions,Medical conditions - hypertension,Total,Maternal age,Not stated,Trend,2020,46,. .
Antenatal period,Medical conditions,Medical conditions - hypertension,Total,Maternal age,Total,Trend,2020,"294,276",. .
Antenatal period,Medical conditions,Medical conditions - hypertension,Hypertension - not stated,Maternal age,Under 20,Trend,2021,3,"4,769"
Antenatal period,Medical conditions,Medical conditions - hypertension,Pre-eclampsia/eclampsia,Maternal age,Under 20,Trend,2021,201,"4,769"
Antenatal period,Medical conditions,Medical conditions - hypertension,Pre-eclampsia/eclampsia,Maternal age,20-24,Trend,2021,901,"29,618"
Antenatal period,Medical conditions,Medical conditions - hypertension,Hypertension - not stated,Maternal age,20-24,Trend,2021,17,"29,618"
Antenatal period,Medical conditions,Medical conditions - hypertension,Hypertension - not stated,Maternal age,25-29,Trend,2021,69,"78,300"
Antenatal period,Medical conditions,Medical conditions - hypertension,Pre-eclampsia/eclampsia,Maternal age,25-29,Trend,2021,"1,980","78,300"
Antenatal period,Medical conditions,Medical conditions - hypertension,Pre-eclampsia/eclampsia,Maternal age,30-34,Trend,2021,"2,589","116,779"
Antenatal period,Medical conditions,Medical conditions - hypertension,Hypertension - not stated,Maternal age,30-34,Trend,2021,88,"116,779"
Antenatal period,Medical conditions,Medical conditions - hypertension,Hypertension - not stated,Maternal age,35-39,Trend,2021,41,"67,758"
Antenatal period,Medical conditions,Medical conditions - hypertension,Pre-eclampsia/eclampsia,Maternal age,35-39,Trend,2021,"1,553","67,758"
Antenatal period,Medical conditions,Medical conditions - hypertension,Pre-eclampsia/eclampsia,Maternal age,40 and over,Trend,2021,434,"14,113"
Antenatal period,Medical conditions,Medical conditions - hypertension,Hypertension - not stated,Maternal age,40 and over,Trend,2021,16,"14,113"
Antenatal period,Medical conditions,Medical conditions - hypertension,Hypertension - not stated,Maternal age,Not stated,Trend,2021,0,23
Antenatal period,Medical conditions,Medical conditions - hypertension,Pre-eclampsia/eclampsia,Maternal age,Not stated,Trend,2021,0,23
Antenatal period,Medical conditions,Medical conditions - hypertension,Pre-eclampsia/eclampsia,Maternal age,Total,Trend,2021,"7,658","311,360"
Antenatal period,Medical conditions,Medical conditions - hypertension,Hypertension - not stated,Maternal age,Total,Trend,2021,234,"311,360"
Antenatal period,Medical conditions,Medical conditions - hypertension,Hypertension - none,Maternal age,Under 20,Trend,2021,"4,459","4,769"
Antenatal period,Medical conditions,Medical conditions - hypertension,Hypertension - none,Maternal age,20-24,Trend,2021,"27,895","29,618"
Antenatal period,Medical conditions,Medical conditions - hypertension,Hypertension - none,Maternal age,25-29,Trend,2021,"73,904","78,300"
Antenatal period,Medical conditions,Medical conditions - hypertension,Hypertension - none,Maternal age,30-34,Trend,2021,"110,542","116,779"
Antenatal period,Medical conditions,Medical conditions - hypertension,Hypertension - none,Maternal age,35-39,Trend,2021,"63,748","67,758"
Antenatal period,Medical conditions,Medical conditions - hypertension,Hypertension - none,Maternal age,40 and over,Trend,2021,"12,922","14,113"
Antenatal period,Medical conditions,Medical conditions - hypertension,Hypertension - none,Maternal age,Not stated,Trend,2021,23,23
Antenatal period,Medical conditions,Medical conditions - hypertension,Hypertension - none,Maternal age,Total,Trend,2021,"293,493","311,360"
Antenatal period,Medical conditions,Medical conditions - hypertension,Pre-existing hypertension,Maternal age,Under 20,Trend,2021,9,"4,769"
Antenatal period,Medical conditions,Medical conditions - hypertension,Pre-existing hypertension,Maternal age,20-24,Trend,2021,139,"29,618"
Antenatal period,Medical conditions,Medical conditions - hypertension,Pre-existing hypertension,Maternal age,25-29,Trend,2021,498,"78,300"
Antenatal period,Medical conditions,Medical conditions - hypertension,Pre-existing hypertension,Maternal age,30-34,Trend,2021,986,"116,779"
Antenatal period,Medical conditions,Medical conditions - hypertension,Pre-existing hypertension,Maternal age,35-39,Trend,2021,919,"67,758"
Antenatal period,Medical conditions,Medical conditions - hypertension,Pre-existing hypertension,Maternal age,40 and over,Trend,2021,357,"14,113"
Antenatal period,Medical conditions,Medical conditions - hypertension,Pre-existing hypertension,Maternal age,Not stated,Trend,2021,0,23
Antenatal period,Medical conditions,Medical conditions - hypertension,Pre-existing hypertension,Maternal age,Total,Trend,2021,"2,908","311,360"
Antenatal period,Medical conditions,Medical conditions - hypertension,Gestational hypertension,Maternal age,Under 20,Trend,2021,151,"4,769"
Antenatal period,Medical conditions,Medical conditions - hypertension,Gestational hypertension,Maternal age,20-24,Trend,2021,936,"29,618"
Antenatal period,Medical conditions,Medical conditions - hypertension,Gestational hypertension,Maternal age,25-29,Trend,2021,"2,503","78,300"
Antenatal period,Medical conditions,Medical conditions - hypertension,Gestational hypertension,Maternal age,30-34,Trend,2021,"3,441","116,779"
Antenatal period,Medical conditions,Medical conditions - hypertension,Gestational hypertension,Maternal age,35-39,Trend,2021,"2,044","67,758"
Antenatal period,Medical conditions,Medical conditions - hypertension,Gestational hypertension,Maternal age,40 and over,Trend,2021,565,"14,113"
Antenatal period,Medical conditions,Medical conditions - hypertension,Gestational hypertension,Maternal age,Not stated,Trend,2021,0,23
Antenatal period,Medical conditions,Medical conditions - hypertension,Gestational hypertension,Maternal age,Total,Trend,2021,"9,640","311,360"
Antenatal period,Medical conditions,Medical conditions - hypertension,Total,Maternal age,Under 20,Trend,2021,"4,823",. .
Antenatal period,Medical conditions,Medical conditions - hypertension,Total,Maternal age,20-24,Trend,2021,"29,888",. .
Antenatal period,Medical conditions,Medical conditions - hypertension,Total,Maternal age,25-29,Trend,2021,"78,954",. .
Antenatal period,Medical conditions,Medical conditions - hypertension,Total,Maternal age,30-34,Trend,2021,"117,646",. .
Antenatal period,Medical conditions,Medical conditions - hypertension,Total,Maternal age,35-39,Trend,2021,"68,305",. .
Antenatal period,Medical conditions,Medical conditions - hypertension,Total,Maternal age,40 and over,Trend,2021,"14,294",. .
Antenatal period,Medical conditions,Medical conditions - hypertension,Total,Maternal age,Not stated,Trend,2021,23,. .
Antenatal period,Medical conditions,Medical conditions - hypertension,Total,Maternal age,Total,Trend,2021,"313,933",. .
Antenatal period,Medical conditions,Medical conditions - hypertension,Hypertension - not stated,Maternal age,Under 20,Trend,2022,1,"4,649"
Antenatal period,Medical conditions,Medical conditions - hypertension,Pre-eclampsia/eclampsia,Maternal age,Under 20,Trend,2022,164,"4,649"
Antenatal period,Medical conditions,Medical conditions - hypertension,Pre-eclampsia/eclampsia,Maternal age,20-24,Trend,2022,866,"27,762"
Antenatal period,Medical conditions,Medical conditions - hypertension,Hypertension - not stated,Maternal age,20-24,Trend,2022,17,"27,762"
Antenatal period,Medical conditions,Medical conditions - hypertension,Hypertension - not stated,Maternal age,25-29,Trend,2022,64,"73,002"
Antenatal period,Medical conditions,Medical conditions - hypertension,Pre-eclampsia/eclampsia,Maternal age,25-29,Trend,2022,"1,982","73,002"
Antenatal period,Medical conditions,Medical conditions - hypertension,Pre-eclampsia/eclampsia,Maternal age,30-34,Trend,2022,"2,487","108,592"
Antenatal period,Medical conditions,Medical conditions - hypertension,Hypertension - not stated,Maternal age,30-34,Trend,2022,84,"108,592"
Antenatal period,Medical conditions,Medical conditions - hypertension,Hypertension - not stated,Maternal age,35-39,Trend,2022,46,"65,023"
Antenatal period,Medical conditions,Medical conditions - hypertension,Pre-eclampsia/eclampsia,Maternal age,35-39,Trend,2022,"1,586","65,023"
Antenatal period,Medical conditions,Medical conditions - hypertension,Pre-eclampsia/eclampsia,Maternal age,40 and over,Trend,2022,520,"14,392"
Antenatal period,Medical conditions,Medical conditions - hypertension,Hypertension - not stated,Maternal age,40 and over,Trend,2022,9,"14,392"
Antenatal period,Medical conditions,Medical conditions - hypertension,Pre-eclampsia/eclampsia,Maternal age,Not stated,Trend,2022,0,15
Antenatal period,Medical conditions,Medical conditions - hypertension,Hypertension - not stated,Maternal age,Not stated,Trend,2022,0,15
Antenatal period,Medical conditions,Medical conditions - hypertension,Pre-eclampsia/eclampsia,Maternal age,Total,Trend,2022,"7,605","293,435"
Antenatal period,Medical conditions,Medical conditions - hypertension,Hypertension - not stated,Maternal age,Total,Trend,2022,221,"293,435"
Antenatal period,Medical conditions,Medical conditions - hypertension,Hypertension - none,Maternal age,Under 20,Trend,2022,"4,379","4,649"
Antenatal period,Medical conditions,Medical conditions - hypertension,Hypertension - none,Maternal age,20-24,Trend,2022,"26,077","27,762"
Antenatal period,Medical conditions,Medical conditions - hypertension,Hypertension - none,Maternal age,25-29,Trend,2022,"68,744","73,002"
Antenatal period,Medical conditions,Medical conditions - hypertension,Hypertension - none,Maternal age,30-34,Trend,2022,"102,825","108,592"
Antenatal period,Medical conditions,Medical conditions - hypertension,Hypertension - none,Maternal age,35-39,Trend,2022,"61,050","65,023"
Antenatal period,Medical conditions,Medical conditions - hypertension,Hypertension - none,Maternal age,40 and over,Trend,2022,"13,107","14,392"
Antenatal period,Medical conditions,Medical conditions - hypertension,Hypertension - none,Maternal age,Not stated,Trend,2022,14,15
Antenatal period,Medical conditions,Medical conditions - hypertension,Hypertension - none,Maternal age,Total,Trend,2022,"276,196","293,435"
Antenatal period,Medical conditions,Medical conditions - hypertension,Pre-existing hypertension,Maternal age,Under 20,Trend,2022,9,"4,649"
Antenatal period,Medical conditions,Medical conditions - hypertension,Pre-existing hypertension,Maternal age,20-24,Trend,2022,128,"27,762"
Antenatal period,Medical conditions,Medical conditions - hypertension,Pre-existing hypertension,Maternal age,25-29,Trend,2022,438,"73,002"
Antenatal period,Medical conditions,Medical conditions - hypertension,Pre-existing hypertension,Maternal age,30-34,Trend,2022,878,"108,592"
Antenatal period,Medical conditions,Medical conditions - hypertension,Pre-existing hypertension,Maternal age,35-39,Trend,2022,895,"65,023"
Antenatal period,Medical conditions,Medical conditions - hypertension,Pre-existing hypertension,Maternal age,40 and over,Trend,2022,380,"14,392"
Antenatal period,Medical conditions,Medical conditions - hypertension,Pre-existing hypertension,Maternal age,Not stated,Trend,2022,0,15
Antenatal period,Medical conditions,Medical conditions - hypertension,Pre-existing hypertension,Maternal age,Total,Trend,2022,"2,728","293,435"
Antenatal period,Medical conditions,Medical conditions - hypertension,Gestational hypertension,Maternal age,Under 20,Trend,2022,139,"4,649"
Antenatal period,Medical conditions,Medical conditions - hypertension,Gestational hypertension,Maternal age,20-24,Trend,2022,923,"27,762"
Antenatal period,Medical conditions,Medical conditions - hypertension,Gestational hypertension,Maternal age,25-29,Trend,2022,"2,388","73,002"
Antenatal period,Medical conditions,Medical conditions - hypertension,Gestational hypertension,Maternal age,30-34,Trend,2022,"3,177","108,592"
Antenatal period,Medical conditions,Medical conditions - hypertension,Gestational hypertension,Maternal age,35-39,Trend,2022,"2,007","65,023"
Antenatal period,Medical conditions,Medical conditions - hypertension,Gestational hypertension,Maternal age,40 and over,Trend,2022,570,"14,392"
Antenatal period,Medical conditions,Medical conditions - hypertension,Gestational hypertension,Maternal age,Not stated,Trend,2022,1,15
Antenatal period,Medical conditions,Medical conditions - hypertension,Gestational hypertension,Maternal age,Total,Trend,2022,"9,205","293,435"
Antenatal period,Medical conditions,Medical conditions - hypertension,Total,Maternal age,Under 20,Trend,2022,"4,692",. .
Antenatal period,Medical conditions,Medical conditions - hypertension,Total,Maternal age,20-24,Trend,2022,"28,011",. .
Antenatal period,Medical conditions,Medical conditions - hypertension,Total,Maternal age,25-29,Trend,2022,"73,616",. .
Antenatal period,Medical conditions,Medical conditions - hypertension,Total,Maternal age,30-34,Trend,2022,"109,451",. .
Antenatal period,Medical conditions,Medical conditions - hypertension,Total,Maternal age,35-39,Trend,2022,"65,584",. .
Antenatal period,Medical conditions,Medical conditions - hypertension,Total,Maternal age,40 and over,Trend,2022,"14,586",. .
Antenatal period,Medical conditions,Medical conditions - hypertension,Total,Maternal age,Not stated,Trend,2022,15,. .
Antenatal period,Medical conditions,Medical conditions - hypertension,Total,Maternal age,Total,Trend,2022,"295,955",. .
Antenatal period,Medical conditions,Medical conditions - hypertension,Hypertension - not stated,Maternal age,Under 20,Trend,2023,3,"4,455"
Antenatal period,Medical conditions,Medical conditions - hypertension,Pre-eclampsia/eclampsia,Maternal age,Under 20,Trend,2023,161,"4,455"
Antenatal period,Medical conditions,Medical conditions - hypertension,Pre-eclampsia/eclampsia,Maternal age,20-24,Trend,2023,821,"25,720"
Antenatal period,Medical conditions,Medical conditions - hypertension,Hypertension - not stated,Maternal age,20-24,Trend,2023,23,"25,720"
Antenatal period,Medical conditions,Medical conditions - hypertension,Hypertension - not stated,Maternal age,25-29,Trend,2023,40,"67,616"
Antenatal period,Medical conditions,Medical conditions - hypertension,Pre-eclampsia/eclampsia,Maternal age,25-29,Trend,2023,"1,902","67,616"
Antenatal period,Medical conditions,Medical conditions - hypertension,Pre-eclampsia/eclampsia,Maternal age,30-34,Trend,2023,"2,433","101,344"
Antenatal period,Medical conditions,Medical conditions - hypertension,Hypertension - not stated,Maternal age,30-34,Trend,2023,66,"101,344"
Antenatal period,Medical conditions,Medical conditions - hypertension,Pre-eclampsia/eclampsia,Maternal age,35-39,Trend,2023,"1,639","61,816"
Antenatal period,Medical conditions,Medical conditions - hypertension,Hypertension - not stated,Maternal age,35-39,Trend,2023,44,"61,816"
Antenatal period,Medical conditions,Medical conditions - hypertension,Pre-eclampsia/eclampsia,Maternal age,40 and over,Trend,2023,547,"14,207"
Antenatal period,Medical conditions,Medical conditions - hypertension,Hypertension - not stated,Maternal age,40 and over,Trend,2023,16,"14,207"
Antenatal period,Medical conditions,Medical conditions - hypertension,Hypertension - not stated,Maternal age,Not stated,Trend,2023,0,16
Antenatal period,Medical conditions,Medical conditions - hypertension,Pre-eclampsia/eclampsia,Maternal age,Not stated,Trend,2023,0,16
Antenatal period,Medical conditions,Medical conditions - hypertension,Hypertension - not stated,Maternal age,Total,Trend,2023,192,"275,174"
Antenatal period,Medical conditions,Medical conditions - hypertension,Pre-eclampsia/eclampsia,Maternal age,Total,Trend,2023,"7,503","275,174"
Antenatal period,Medical conditions,Medical conditions - hypertension,Hypertension - none,Maternal age,Under 20,Trend,2023,"4,189","4,455"
Antenatal period,Medical conditions,Medical conditions - hypertension,Hypertension - none,Maternal age,20-24,Trend,2023,"24,168","25,720"
Antenatal period,Medical conditions,Medical conditions - hypertension,Hypertension - none,Maternal age,25-29,Trend,2023,"63,654","67,616"
Antenatal period,Medical conditions,Medical conditions - hypertension,Hypertension - none,Maternal age,30-34,Trend,2023,"95,927","101,344"
Antenatal period,Medical conditions,Medical conditions - hypertension,Hypertension - none,Maternal age,35-39,Trend,2023,"57,928","61,816"
Antenatal period,Medical conditions,Medical conditions - hypertension,Hypertension - none,Maternal age,40 and over,Trend,2023,"12,834","14,207"
Antenatal period,Medical conditions,Medical conditions - hypertension,Hypertension - none,Maternal age,Not stated,Trend,2023,16,16
Antenatal period,Medical conditions,Medical conditions - hypertension,Hypertension - none,Maternal age,Total,Trend,2023,"258,716","275,174"
Antenatal period,Medical conditions,Medical conditions - hypertension,Pre-existing hypertension,Maternal age,Under 20,Trend,2023,10,"4,455"
Antenatal period,Medical conditions,Medical conditions - hypertension,Pre-existing hypertension,Maternal age,20-24,Trend,2023,113,"25,720"
Antenatal period,Medical conditions,Medical conditions - hypertension,Pre-existing hypertension,Maternal age,25-29,Trend,2023,408,"67,616"
Antenatal period,Medical conditions,Medical conditions - hypertension,Pre-existing hypertension,Maternal age,30-34,Trend,2023,796,"101,344"
Antenatal period,Medical conditions,Medical conditions - hypertension,Pre-existing hypertension,Maternal age,35-39,Trend,2023,829,"61,816"
Antenatal period,Medical conditions,Medical conditions - hypertension,Pre-existing hypertension,Maternal age,40 and over,Trend,2023,357,"14,207"
Antenatal period,Medical conditions,Medical conditions - hypertension,Pre-existing hypertension,Maternal age,Not stated,Trend,2023,0,16
Antenatal period,Medical conditions,Medical conditions - hypertension,Pre-existing hypertension,Maternal age,Total,Trend,2023,"2,513","275,174"
Antenatal period,Medical conditions,Medical conditions - hypertension,Gestational hypertension,Maternal age,Under 20,Trend,2023,137,"4,455"
Antenatal period,Medical conditions,Medical conditions - hypertension,Gestational hypertension,Maternal age,20-24,Trend,2023,831,"25,720"
Antenatal period,Medical conditions,Medical conditions - hypertension,Gestational hypertension,Maternal age,25-29,Trend,2023,"2,269","67,616"
Antenatal period,Medical conditions,Medical conditions - hypertension,Gestational hypertension,Maternal age,30-34,Trend,2023,"2,941","101,344"
Antenatal period,Medical conditions,Medical conditions - hypertension,Gestational hypertension,Maternal age,35-39,Trend,2023,"1,930","61,816"
Antenatal period,Medical conditions,Medical conditions - hypertension,Gestational hypertension,Maternal age,40 and over,Trend,2023,650,"14,207"
Antenatal period,Medical conditions,Medical conditions - hypertension,Gestational hypertension,Maternal age,Not stated,Trend,2023,0,16
Antenatal period,Medical conditions,Medical conditions - hypertension,Gestational hypertension,Maternal age,Total,Trend,2023,"8,758","275,174"
Antenatal period,Medical conditions,Medical conditions - hypertension,Total,Maternal age,Under 20,Trend,2023,"4,500",. .
Antenatal period,Medical conditions,Medical conditions - hypertension,Total,Maternal age,20-24,Trend,2023,"25,956",. .
Antenatal period,Medical conditions,Medical conditions - hypertension,Total,Maternal age,25-29,Trend,2023,"68,273",. .
Antenatal period,Medical conditions,Medical conditions - hypertension,Total,Maternal age,30-34,Trend,2023,"102,163",. .
Antenatal period,Medical conditions,Medical conditions - hypertension,Total,Maternal age,35-39,Trend,2023,"62,370",. .
Antenatal period,Medical conditions,Medical conditions - hypertension,Total,Maternal age,40 and over,Trend,2023,"14,404",. .
Antenatal period,Medical conditions,Medical conditions - hypertension,Total,Maternal age,Not stated,Trend,2023,16,. .
Antenatal period,Medical conditions,Medical conditions - hypertension,Total,Maternal age,Total,Trend,2023,"277,682",. .